,n_pixels_l1_mu,n_pixels_l1_std,n_pixels_l2_mu,n_pixels_l2_std,pred_err_l1_mu,pred_err_l1_std,pred_err_l1_thr-0.5_bin-True_mu,pred_err_l1_thr-0.5_bin-True_std,pred_err_l1_thr-0.5_bin-False_mu,pred_err_l1_thr-0.5_bin-False_std,pred_err_l2_mu,pred_err_l2_std,pred_err_l2_thr-0.5_bin-True_mu,pred_err_l2_thr-0.5_bin-True_std,pred_err_l2_thr-0.5_bin-False_mu,pred_err_l2_thr-0.5_bin-False_std,pw_pred_err_mu,pw_pred_err_std,pw_pred_err_thr-0.5_bin-True_mu,pw_pred_err_thr-0.5_bin-True_std,pw_pred_err_thr-0.5_bin-False_mu,pw_pred_err_thr-0.5_bin-False_std,pred_err_wd_mu,pred_err_wd_std,mahalanobis_mu,mahalanobis_std,mahalanobis_thr-0.5_bin-True_mu,mahalanobis_thr-0.5_bin-True_std,mahalanobis_thr-0.5_bin-False_mu,mahalanobis_thr-0.5_bin-False_std,kalmanw_pred_err_mu,kalmanw_pred_err_std,kalmanw_pred_err_thr-0.5_bin-True_mu,kalmanw_pred_err_thr-0.5_bin-True_std,kalmanw_pred_err_thr-0.5_bin-False_mu,kalmanw_pred_err_thr-0.5_bin-False_std
Abart,467.5812695939208,3.8642129424002785,14.432801245090445,0.10131267743530324,453.5734035569314,4.2177768550780135,159.15,6.921524398570015,107.55591137564852,4.184531475183833,12.009733996290977,0.09131990429993124,12.64075807538937,0.2668993808132812,8.738073942933005,0.15481428666374983,542.0517606011831,6.262958778315719,251.77583974520746,12.404031320072628,184.20046594542202,7.087598504163111,,,220.62354271553934,3.691555857688109,346.99573587548053,8.046392914283608,182.44941854082276,3.432135887291678,8.740453092594516,0.10185713921075178,5.971943433722232,0.17836837087466825,5.69134617233342,0.16096745995671632
Abend,494.2372936389291,3.5654795041167717,15.299541300559024,0.101961704465387,451.5910979067981,4.302528681759155,161.4,6.260990336999411,111.47168822546718,3.5796683272710705,12.041590681092046,0.08658415276754242,12.663701272793919,0.20166822614797983,8.929848823923649,0.1191193099140628,553.2605596996716,6.863721432652471,284.9719511729024,12.654759226183943,215.0585982222191,6.861310485854633,,,221.4866235336468,3.8875053501422046,334.8353796053995,7.986506865991718,180.3499467098947,3.2549379964722824,9.003282888010895,0.09204093110830187,6.655270600267448,0.1691243955973592,6.13282196080749,0.14840939950287768
Aboln,468.22508517065484,3.503154326017903,14.461123850164622,0.09730670546027341,452.8152314614145,4.188285182386767,158.3,5.538050198400155,108.06638363246009,3.479977666055585,11.996887880791041,0.08604568940445154,12.63181214185185,0.21753623368108566,8.787110853550743,0.1210684592321678,540.59872454172,6.794068798181676,247.47355272037166,12.603734579799836,180.94778857045466,7.690555078923228,,,221.9978049048249,3.7241057115540173,349.62225360385827,8.9565174779021,182.87467808322367,3.456227326601126,8.793805202217268,0.09813031947102534,5.7498300398606546,0.2025255695061257,5.864760229437505,0.1666961921051716
Abtäs,479.80885619252433,3.4216614366631686,14.72586194882865,0.09026863293182097,444.68688956959056,3.9603913986480475,145.29,5.528643594951658,98.31087843601463,3.42021800371349,11.660947825950958,0.09197642181223797,11.984861563035162,0.25118382687263263,8.28484072290663,0.1456138705423005,544.9844718209507,7.562179717356897,255.9923803171068,11.743543257993556,187.92201418067668,7.599352120019553,,,226.08052416383828,3.5596434359177067,331.35406644973614,9.187481386636374,182.28694246914012,3.085287946765146,8.19467815866364,0.09465239601831962,5.687823703232509,0.17929470067458322,5.1376584117380615,0.15854783822082133
Acker,464.62075888961607,3.9873455152824575,14.449967356867608,0.09162905018600818,439.49045795801413,3.5963392189764343,145.14,6.043211066974246,97.76502965610035,3.4789946054032774,11.553538913010104,0.09820911489778508,11.985271361034677,0.2308038179104069,8.226975257863867,0.15969316895452948,526.2781821278072,7.324296453432386,192.9047652961859,9.969162525940478,140.61811637451467,6.218214739260316,,,219.30143133807087,3.6251732113106883,337.8777479673845,9.577205877969746,170.5976304436568,3.6158884912160145,8.13815838314157,0.08470881803807613,5.469459216540404,0.20623977911544433,5.318051345454254,0.15060950674475715
Adern,476.1584160027921,3.3268004181848347,14.861366696029625,0.09927294889619195,452.0570980085203,4.108798698339072,159.71,5.978787502495803,109.19069507827597,3.5813235859517136,12.009996992935719,0.0934555660305237,12.655007316987218,0.24655589021548932,8.83672138948433,0.15441454953108572,562.297921243635,7.68700752855269,296.32906663328225,10.746351988843033,237.8153449450031,7.473931025438766,,,220.0001012791902,3.1359533889140017,339.94057516753475,8.259064725773932,177.77560462001853,3.1174582424118515,8.413082503795282,0.08769816906259832,5.943079148509528,0.19020916096181498,5.637849084044633,0.1413173550919061
Adler,468.754450954565,3.271766702620852,14.64727621401962,0.09561378215404101,448.6147691272894,3.85172479364934,149.63,6.575188210233985,101.49912082182509,3.876196442733619,11.829768926894562,0.09013323949639256,12.221307938744465,0.26387926478133233,8.469763049566717,0.14306996861368537,558.7768729023832,6.791398095130442,289.08643581672294,10.828517869157439,230.35505065365757,7.777300110660825,,,219.01939775067575,3.3762651097998306,344.78914548537045,8.511246080420097,178.78076321104882,3.47135033400673,8.680131856125568,0.08625193782964792,5.77437029963956,0.2244611957391818,5.536120135727026,0.15464367550896072
Adria,465.78029335292064,3.72346294595676,14.468644835241692,0.0896729222303364,457.5367791667681,4.1118665355431006,159.17,6.086139991817475,107.42138962125244,3.6607169104229844,12.029479028885774,0.09464909124572057,12.565311075349216,0.2509134904828725,8.666507955261038,0.14240593717952751,563.3417672098612,7.186075714151832,300.33031831317214,13.64632353528376,235.39543010846467,8.353345756190706,,,220.42518199433107,3.4941971478132037,353.7720944302083,9.168894902558261,184.18485313227748,3.1353025957933145,8.543270136201242,0.08913869801829508,5.579279089033716,0.22025181557201207,5.5682490427508355,0.16289450450207052
Affen,474.21708435524744,3.470514738116203,14.933567621465468,0.09703867252538138,445.0114527114932,4.192658174077824,141.18,6.458142147707806,96.48560331788724,3.99739830419223,11.726003516150094,0.10157452735731602,11.90721308014885,0.26129803660223494,8.318963240720986,0.15599307300409052,584.6612196609327,8.558755833293189,354.10594821736214,11.873745130276168,287.9319490265693,8.53111910695754,,,223.9650506895246,3.7774207624923215,315.42121358270515,9.645219826411841,176.23127818100537,3.207384637676067,8.231985971943626,0.08005796361188741,5.778581045383541,0.21999638034060054,5.098443984563812,0.15488124127087222
Agenk,491.03602221648566,3.7943116893492914,15.259247918367725,0.10320141359301384,452.05163579597337,4.264603404774315,163.11,6.15287737566742,113.71827304974957,3.748250555848407,12.134382511916249,0.10000391329116302,12.754766825430643,0.23648092712519247,9.093438276413623,0.15588500310084696,590.4515238604608,7.259216472955127,357.1240321763834,12.647853058864348,295.4643983551937,8.65793397566526,,,231.5943977034866,3.63739509661478,348.3387290601232,8.287161898462186,187.4619727876539,3.3326246957574814,8.180101347989138,0.0965233190180966,5.912747342714883,0.18501311010279742,5.645000850568793,0.16439268827860748
Agent,478.2319538202803,4.0077986368162195,14.911480131374855,0.10199687649586957,435.48063904423066,4.163970947946723,138.41,5.270853820777048,94.61940358955079,3.2871883779418374,11.502068266192824,0.08394330402851777,11.760973345757268,0.24393843564952974,8.216796767739531,0.13785022233980668,578.7541360140785,7.5606673196374015,332.3983881464782,12.61156091485791,275.2911410734232,10.148954948019107,,,229.692523932204,3.500617663373754,315.8630970932475,8.726588629585468,180.09134854155025,3.014344186371747,8.004458454600915,0.09478592042923598,5.6350502857405305,0.1830186107292217,5.043286642674373,0.14534067249489258
Ahnen,478.35749171309413,3.4352286491374326,14.96372398587416,0.09619451427007461,430.02999390025883,3.9778540311236474,136.69,5.7873914676648575,90.0250623280759,3.5705480953285558,11.199000932853338,0.0933176150983758,11.614810382201261,0.25725432068242254,7.799683743252318,0.1436774962039543,519.1505128705709,7.239148723784543,170.20549065017215,11.898611867099333,119.58405340986657,6.216315400543263,,,214.2729545898952,3.684628321494575,315.12035325437836,7.838817476832207,162.768863119373,3.3046093996758925,8.710054070534184,0.09398669016265912,5.967413501110312,0.25669155479306277,5.522972955210034,0.17588331350016448
Aigön,474.60913530579404,4.06523726270377,14.719017578844976,0.08687477349040273,437.3229965566089,3.7882743603135456,139.16,6.3066948554690665,93.41113127310133,3.8467118281215518,11.46342000839522,0.08479834299993948,11.77608729195237,0.25252344904573304,8.083253920330803,0.15143998424241184,535.9225986464394,6.993838740656683,224.6293678506532,16.019219242841597,159.5317899303057,9.12823559688943,,,221.9375264351369,3.4524515802226805,320.0923587491678,9.65410400344713,172.863055287555,3.458748477156319,8.580265251446974,0.0988766877934724,6.271110109388419,0.1981135424048503,5.551369281112548,0.15945644185505664
Akkus,480.56322090149996,3.983513563931178,14.810776397163092,0.10070424524131817,456.05989937878775,4.183278515599903,163.8,5.2345009313209605,113.87260165644119,3.1957192577960645,12.183992672096835,0.10274726100214755,12.811304519860194,0.20118772181676237,9.087335025813344,0.14588405483497185,556.2287796223488,7.739628788488847,291.02919960853177,11.291953735304535,226.4460155458521,9.193722325457884,,,226.91026844100742,3.7923049338331984,368.07023091245975,8.688560577045521,184.51834008166935,3.395124666451623,7.560073444692149,0.09492330898626813,5.073611889952358,0.17525028429856293,5.119269702867784,0.12752526222026778
Aktie,462.456054446756,3.3257999528804345,14.46473326329877,0.10391273372370623,456.30174220137036,3.858344253301112,162.61,5.827340731414288,112.14562314337016,3.6499905751022808,12.134864161432311,0.10221129583819306,12.7098761959401,0.24299605732452376,8.965626422374902,0.1482391265354975,552.3775728097867,9.394788290076963,277.7244949449913,11.983336537098985,213.47433009181455,8.532287771916044,,,223.34549614491823,3.304586186614019,356.5596265992634,7.993275322433342,182.40843250093386,3.4969127473380484,8.581980053637245,0.08957236840524202,5.71581010580442,0.2033899726874008,5.720195173977709,0.15572770786432527
Alahn,468.0648826713587,4.057788196112645,14.562143111057908,0.08869934148263194,437.45024638306137,3.7704847970682542,135.33,5.788013476141879,89.51326061453443,3.4013075590147124,11.398466928993832,0.0895061626926584,11.672823743595458,0.2742003846716378,7.867685867287129,0.15864076483104983,521.4051693060995,6.6521774993040745,162.6173336818768,10.024153359390196,113.1627246493335,5.81193489052773,,,215.3818608970867,3.377207618627678,326.9282936611079,10.154634421006033,168.2901982371691,4.163348075788554,8.304020628042482,0.08768737021944042,5.467976522134292,0.19751957982056573,5.109062525277601,0.15741711754864612
Alarm,467.22473816833923,3.8346246647449,14.487796794869261,0.09164328538639825,472.61998128616744,4.144616635192224,180.84,7.636386580052114,122.83888410554829,4.57069222552032,12.53721403423903,0.09619222393540629,13.483327098754986,0.22336147380285085,9.336139418904946,0.14814865844454292,540.2919890938991,6.332585421992603,241.96779906593432,11.884766373703647,173.45762367293884,6.275291765062848,,,215.6403309264764,4.112716029570943,388.2719828054032,8.890085851295728,187.00567828071095,3.446230500302682,9.536860135375663,0.08343817586429055,6.3425343254069935,0.19475211084758473,6.4804512561371554,0.14804301280581336
Alben,475.3014177342445,3.602297182669469,14.791892420422668,0.09828940608532444,432.266167100819,4.175098361319149,135.11,5.572961510723002,89.18066025089935,3.398268648205505,11.240440627577422,0.08402079379327543,11.590506911816194,0.24525400535141711,7.7892467306067115,0.13375650682207518,519.6405951620154,7.753772783766315,168.35875629974086,11.388972902176699,116.73809620087215,6.167715342340806,,,215.07730837280235,3.331973544123505,313.08114157120554,8.06623204330733,164.1474581750435,3.9121936160099775,8.607406118494747,0.10962010859720528,6.090740845316662,0.22636282223341803,5.348772069185174,0.16683565934893674
Algen,477.36326458528,3.851570533467642,14.887877902962778,0.08453595633190719,436.81144632567435,3.8857519248083836,140.73,6.092380487133088,95.0006544775353,3.718003108780667,11.496364676351007,0.08854035114868421,11.864488864201526,0.2321723309053125,8.162398060396383,0.13898221880640338,524.9482753560943,6.806482413078188,184.56888465569583,10.957843899996288,133.27915163631926,6.215120163523975,,,214.03252971837253,3.48851827555685,313.84375250810035,9.595835161272646,165.99219632679484,3.6933774966090858,9.052922770097446,0.10343052155021172,6.675248694931017,0.2286256184528371,5.925414921950379,0.1758241213674176
Alibi,453.92618607764905,3.487463251239248,14.20337007150758,0.09442948668766815,457.58853473864843,4.25006811594796,154.24,5.442646415118293,104.40715566206399,3.290807693796053,12.032931466044593,0.08830768410571752,12.428784444991313,0.27443982936521455,8.603500839380667,0.13747932346371416,545.8295262975834,6.4499128125846745,264.8372135150497,12.640181778929543,190.89331161314308,8.02751114519711,,,218.5478306684897,3.5265868698045737,354.8092285628598,10.16752965209561,182.80112378445435,3.492958611949087,8.697997182079757,0.09291880712998433,5.570649884789387,0.21272151204396642,5.500637678431107,0.16516629616666365
Allas,454.59607019129743,3.2845624115335372,14.107751579358553,0.09587365457240667,441.33620409842626,3.726821442120261,133.14,5.605390262952259,88.81161900900413,3.478796317224126,11.45693387153897,0.09161875789978018,11.552699387186465,0.27411105286260523,7.8707944477259355,0.15587076970072236,522.7238480334125,6.602852567237904,175.10309252190672,10.66103146214921,123.4778591260162,5.62276563611639,,,214.6460182983488,3.8195931394326847,338.61538644090206,10.999033576077919,170.8114851018212,3.425224518223417,8.751963562474382,0.08686225895087597,5.440516845740669,0.20842590462453928,5.380685325987088,0.15275164897596646
Alpen,478.2198293955883,3.8314577212110406,14.913795008252913,0.10455741148289642,436.84675260809456,3.7547094086202026,138.86,5.714927821066509,93.53658578931314,3.5113882803590677,11.49013563939331,0.09234106169260843,11.837733152225864,0.2192574210665037,8.137056322549963,0.13715055209861518,560.2645919187028,7.305516620271431,288.40941563966874,14.111291019665321,231.52751668500045,8.781739381386188,,,217.1475110592227,3.1109740090935314,315.4003355392769,10.953746146864589,168.6157497901355,3.2484117270767707,8.436384098034189,0.09725142607595805,5.9125143950459575,0.2330902932453226,5.267591043377131,0.1650596293727452
Altar,448.42738286524525,3.166296457622986,13.949446337517664,0.0838971442901905,443.66436594919577,3.9411193439888814,137.44,5.163951974989698,91.90386050108114,3.0663998932247543,11.567234726205136,0.08644656932872741,11.757275055629284,0.23766208422345336,8.021607902350159,0.138961094841018,522.9848095599773,6.798286110318649,178.70072835525704,10.48831577940039,123.78346250359742,5.85491107840056,,,215.10374057773674,3.6614639916937253,340.3863405226595,10.17819023247678,172.87595831150745,3.239246115366051,8.696426302963166,0.08944402144864982,5.444744179653508,0.195168579731675,5.417392303656941,0.1485845789350748
Alten,457.24438476222247,3.84416325546722,14.317853127776978,0.10182671206983308,430.06835036096004,3.9145125078856675,127.68,6.289483285612579,84.28960156472536,3.6802677995279973,11.167908522248574,0.09611204079990379,11.306517925732399,0.26954108238246,7.6133771921349425,0.15896820163058795,517.7204912505526,7.944932648755512,158.3761810198813,11.136262374989004,111.16262439667325,6.650808367338987,,,213.64632232038733,3.399284950644769,315.5796366599244,9.635868860469479,163.4367705043953,3.2651782519700028,8.598001616493537,0.0907688281128797,5.6878102929855,0.21695484142205076,5.232338892190772,0.16170472641965195
Alter,450.62777179305283,4.129849750841614,14.104224982635033,0.08432781208991381,437.86440467326616,3.5180415456893814,135.03,5.720935238228099,90.19623381152095,3.3547404147429623,11.413163766597496,0.09307602141422894,11.601721556094915,0.2646827059755829,7.912385026481981,0.16062876016964936,519.6293741679012,6.507869578571059,168.0187280205329,10.48260256987077,118.91560523563686,5.2422337543492326,,,214.24564882840016,3.5021278526554944,330.98577221039085,9.301755153239467,168.96696101385962,3.1792563631521658,8.860679666733795,0.09389839614908055,5.726777816379196,0.20003912558450057,5.519814082441878,0.1488361406205477
